索引,分类,名称,车型,图片链接,show
1,Bus Windscreen / 巴士玻璃,前挡玻璃 Front Windscreen,XMQ6118K,,TRUE
2,Bus Windscreen / 巴士玻璃,前挡玻璃 Front Windscreen,XMQ6118MMC,,TRUE
3,Bus Windscreen / 巴士玻璃,前挡玻璃 Front Windscreen,XMQ6119,,TRUE
4,Bus Windscreen / 巴士玻璃,前挡玻璃 Front Windscreen,XMQ6126,,TRUE
5,Bus Windscreen / 巴士玻璃,前挡玻璃 Front Windscreen,XMQ6129K,,TRUE
6,Bus Windscreen / 巴士玻璃,前挡玻璃 Front Windscreen,XMQ6129KAUTO,,TRUE
7,Bus Windscreen / 巴士玻璃,前挡玻璃 Front Windscreen,KLQ6108,,TRUE
8,Bus Windscreen / 巴士玻璃,前挡玻璃 Front Windscreen,KLQ6125,,TRUE
9,Bus Windscreen / 巴士玻璃,前挡玻璃 Front Windscreen,KLQ6910,,TRUE
10,Bus Windscreen / 巴士玻璃,前挡玻璃 Front Windscreen,BJ6103,,TRUE
11,Bus Windscreen / 巴士玻璃,前挡玻璃 Front Windscreen,YCK6105,,TRUE
12,Bus Windscreen / 巴士玻璃,前挡玻璃 Front Windscreen,XML6103,,TRUE
13,Bus Windscreen / 巴士玻璃,前挡玻璃 Front Windscreen,XML6107,,TRUE
14,Bus Windscreen / 巴士玻璃,前挡玻璃 Front Windscreen,XML6112,,TRUE
15,Bus Windscreen / 巴士玻璃,前挡玻璃 Front Windscreen,XML6118,,TRUE
16,Bus Windscreen / 巴士玻璃,前挡玻璃 Front Windscreen,XML6957J14,,TRUE
17,Bus Windscreen / 巴士玻璃,前挡玻璃 Front Windscreen,XML6957J14B,,TRUE
18,Bus Windscreen / 巴士玻璃,前挡玻璃 Front Windscreen,ZK6100,,TRUE
19,Bus Windscreen / 巴士玻璃,前挡玻璃 Front Windscreen,ZK6107,,TRUE
20,Bus Windscreen / 巴士玻璃,前挡玻璃 Front Windscreen,ZK6117,,TRUE
21,Bus Windscreen / 巴士玻璃,前挡玻璃 Front Windscreen,ZK6119,,TRUE
22,Bus Windscreen / 巴士玻璃,前挡玻璃 Front Windscreen,ZK6122,,TRUE
23,Bus Windscreen / 巴士玻璃,前挡玻璃 Front Windscreen,ZK6127,,TRUE
24,Bus Windscreen / 巴士玻璃,前挡玻璃 Front Windscreen,ZK6898,,TRUE
25,Bus Windscreen / 巴士玻璃,后挡玻璃 Rear Windscreen,XMQ6117,,TRUE
26,Bus Windscreen / 巴士玻璃,后挡玻璃 Rear Windscreen,XMQ6129,,TRUE
27,Bus Windscreen / 巴士玻璃,后挡玻璃 Rear Windscreen,XMQ6902,,TRUE
28,Bus Windscreen / 巴士玻璃,后挡玻璃 Rear Windscreen,KLQ6109,,TRUE
29,Bus Windscreen / 巴士玻璃,后挡玻璃 Rear Windscreen,KLQ6119,,TRUE
30,Bus Windscreen / 巴士玻璃,后挡玻璃 Rear Windscreen,KLQ6910,,TRUE
31,Bus Windscreen / 巴士玻璃,后挡玻璃 Rear Windscreen,BJ6940,,TRUE
32,Bus Windscreen / 巴士玻璃,后挡玻璃 Rear Windscreen,XML6118,,TRUE
33,Bus Windscreen / 巴士玻璃,后挡玻璃 Rear Windscreen,XML6701,,TRUE
34,Bus Windscreen / 巴士玻璃,后挡玻璃 Rear Windscreen,XML6957J14,,TRUE
35,Bus Windscreen / 巴士玻璃,后挡玻璃 Rear Windscreen,XML6957J14B,,TRUE
36,Bus Windscreen / 巴士玻璃,后挡玻璃 Rear Windscreen,ZK6107,,TRUE
37,Bus Windscreen / 巴士玻璃,后挡玻璃 Rear Windscreen,ZK6930,,TRUE
38,Bus Windscreen / 巴士玻璃,前挡玻璃 Front Windscreen,XMQ6117K,,TRUE
39,Bus Windscreen / 巴士玻璃,前挡玻璃 Front Windscreen,XMQ6117K5,,TRUE
40,Bus Windscreen / 巴士玻璃,前挡玻璃 Front Windscreen,XMQ6118,,TRUE
41,Bus Windscreen / 巴士玻璃,前挡玻璃 Front Windscreen,XMQ6129Y2,,TRUE
42,Bus Windscreen / 巴士玻璃,前挡玻璃 Front Windscreen,XMQ6900,,TRUE
43,Radiator / 水箱,水箱 Radiator,XMQ6902,,TRUE
44,Radiator / 水箱,水箱 Radiator,XMQ6900,,TRUE
45,Radiator / 水箱,水箱 Radiator,XMQ6117,,TRUE
46,Radiator / 水箱,水箱 Radiator,XMQ6118,,TRUE
47,Radiator / 水箱,水箱 Radiator,XMQ6111,,TRUE
48,Radiator / 水箱,水箱 Radiator,XMQ6129,,TRUE
49,Radiator / 水箱,水箱 Radiator,XMQ6126,,TRUE
50,Radiator / 水箱,水箱 Radiator,ZK6107,,TRUE
51,Radiator / 水箱,水箱 Radiator,ZK6930,,TRUE
52,Radiator / 水箱,水箱 Radiator,KLQ6109,,TRUE
53,Radiator / 水箱,水箱 Radiator,KLQ6119,,TRUE
54,Radiator / 水箱,水箱 Radiator,XML6118,,TRUE
55,Radiator / 水箱,水箱 Radiator,XML6113,,TRUE
56,Radiator / 水箱,水箱 Radiator,XML6103,,TRUE
57,Radiator / 水箱,水箱 Radiator,XML6957J14,,TRUE
58,Radiator / 水箱,水箱 Radiator,XML6957J14B,,TRUE